{"cameraMode":{"drawMode":0,"name":"Shaded","section":"Shading Mode"},"sceneLighting":false,"audioPlay":false,"sceneViewState":{"showFog":true,"showMaterialUpdate":false,"showSkybox":false,"showFlares":true,"showImageEffects":true,"showParticleSystems":true},"in2DMode":false,"pivot":{"x":967.8726806640625,"y":451.8030700683594,"z":4.3292236328125},"rotation":{"x":-0.006624990608543158,"y":-0.005791588220745325,"z":0.0014843620592728258,"w":0.9999609589576721},"size":639.9664916992188,"orthographic":false}